{
  "buildCommand": "npm run build",
  "devCommand": "npm run dev",
  "installCommand": "npm install",
  "framework": "nextjs",
  "outputDirectory": ".next",
  "regions": ["iad1"],
  "headers": [
    {
      "source": "/(.*)",
      "headers": [
        {
          "key": "X-Content-Type-Options",
          "value": "nosniff"
        },
        {
          "key": "X-Frame-Options",
          "value": "DENY"
        },
        {
          "key": "X-XSS-Protection",
          "value": "1; mode=block"
        }
      ]
    },
    {
      "source": "/_next/static/(.*)",
      "headers": [
        {
          "key": "Cache-Control",
          "value": "public, max-age=31536000, immutable"
        }
      ]
    },
    {
      "source": "/static/(.*)",
      "headers": [
        {
          "key": "Cache-Control",
          "value": "public, max-age=31536000, immutable"
        }
      ]
    },
    {
      "source": "/(.*\\.(js|css|png|jpg|jpeg|gif|svg|ico|woff|woff2))",
      "headers": [
        {
          "key": "Cache-Control",
          "value": "public, max-age=31536000, immutable"
        }
      ]
    }
  ],
  "rewrites": [
    {
      "source": "/api/:path*",
      "destination": "/api/:path*"
    }
  ],
  "trailingSlash": false,
  "cleanUrls": true
}
